{"als-explicit":{"NDCG":0.0963154235,"RBP":0.1114192193,"RecipRank":0.2384871666},"als-implicit":{"NDCG":0.1584773352,"RBP":0.1635014901,"RecipRank":0.29723405},"bias":{"NDCG":0.0932383194,"RBP":0.1092164355,"RecipRank":0.2116714572},"flex-bpr":{"NDCG":0.1695329609,"RBP":0.2076397437,"RecipRank":0.3810931514},"flex-explicit":{"NDCG":0.0589568771,"RBP":0.0595990204,"RecipRank":0.1384079576},"flex-logistic":{"NDCG":0.1751275121,"RBP":0.2113634724,"RecipRank":0.3803652201},"flex-warp":{"NDCG":0.1686958701,"RBP":0.208154766,"RecipRank":0.3731173874},"iknn-explicit":{"NDCG":0.0671935159,"RBP":0.0483333561,"RecipRank":0.0959806995},"iknn-implicit":{"NDCG":0.1791835578,"RBP":0.2529144793,"RecipRank":0.4316355919},"popular":{"NDCG":0.1894364252,"RBP":0.2529338295,"RecipRank":0.4347032006},"uknn-explicit":{"NDCG":0.0695962438,"RBP":0.050359956,"RecipRank":0.1007412413},"uknn-implicit":{"NDCG":0.1915783536,"RBP":0.2391452139,"RecipRank":0.4151976481}}