{"ALS":{"NDCG":0.1614940466,"RBP":0.1757441164,"RecipRank":0.2356133253},"Bias":{"NDCG":0.1633692757,"RBP":0.1773911005,"RecipRank":0.2287651745},"FlexBPR":{"NDCG":0.1123833834,"RBP":0.0608645709,"RecipRank":0.1381372537},"FlexLMF":{"NDCG":0.1111259939,"RBP":0.0591233822,"RecipRank":0.1283193536},"FlexMF":{"NDCG":0.0683670517,"RBP":0.026530853,"RecipRank":0.076853896},"FlexWARP":{"NDCG":0.1135861038,"RBP":0.0577206273,"RecipRank":0.1401614883},"IALS":{"NDCG":0.0975179322,"RBP":0.0464249518,"RecipRank":0.1062574549},"IIE":{"NDCG":0.028293435,"RBP":0.0144416943,"RecipRank":0.0367410959},"III":{"NDCG":0.0512443838,"RBP":0.0449982492,"RecipRank":0.0782884292},"LightGCN":{"NDCG":0.1087869435,"RBP":0.0572836348,"RecipRank":0.1260891633},"Pop":{"NDCG":0.279686955,"RBP":0.3189509738,"RecipRank":0.4940822455},"UUE":{"NDCG":0.0221116443,"RBP":0.0025698677,"RecipRank":0.0101898252}}