{"ALS":{"NDCG":0.1376301987,"RBP":0.3936799162,"RecipRank":0.5707878729},"Bias":{"NDCG":0.1416479162,"RBP":0.4090348188,"RecipRank":0.5955777831},"IALS":{"NDCG":0.0342774326,"RBP":0.0324812581,"RecipRank":0.0723599794},"IIE":{"NDCG":0.0005698795,"RBP":0.0003782234,"RecipRank":0.0015447315},"III":{"NDCG":0.0241124604,"RBP":0.0390621393,"RecipRank":0.0638544812},"Pop":{"NDCG":0.22106276,"RBP":0.4464591636,"RecipRank":0.6011851877},"UUE":{"NDCG":0.0001055963,"RBP":0.0001621579,"RecipRank":0.0008540438}}