{"als-explicit":{"NDCG":0.0959495143,"RBP":0.1123892836,"RecipRank":0.2377103506},"als-implicit":{"NDCG":0.159118282,"RBP":0.165977876,"RecipRank":0.3037440002},"bias":{"NDCG":0.0932383102,"RBP":0.1092164345,"RecipRank":0.2116714572},"flex-bpr":{"NDCG":0.177147846,"RBP":0.2194822314,"RecipRank":0.3998749787},"flex-explicit":{"NDCG":0.0621658153,"RBP":0.060941805,"RecipRank":0.1427645921},"flex-logistic":{"NDCG":0.1725133172,"RBP":0.2015192233,"RecipRank":0.3703771804},"flex-warp":{"NDCG":0.1783372973,"RBP":0.220580492,"RecipRank":0.3974856232},"iknn-explicit":{"NDCG":0.0671935159,"RBP":0.0483333561,"RecipRank":0.0959806995},"iknn-implicit":{"NDCG":0.1791835166,"RBP":0.2529144639,"RecipRank":0.4316355919},"lightgcn":{"NDCG":0.2118053494,"RBP":0.2675390653,"RecipRank":0.4723226895},"lightgcn-warp":{"NDCG":0.2128800344,"RBP":0.2697270471,"RecipRank":0.4784901321},"popular":{"NDCG":0.1894364252,"RBP":0.2529338295,"RecipRank":0.4347032006},"slim":{"NDCG":0.1963384145,"RBP":0.2482332107,"RecipRank":0.450489347},"slim-fs":{"NDCG":0.1936336092,"RBP":0.2422348216,"RecipRank":0.4438795866},"uknn-explicit":{"NDCG":0.0695962577,"RBP":0.050359959,"RecipRank":0.1007412413},"uknn-implicit":{"NDCG":0.1916726251,"RBP":0.2391117705,"RecipRank":0.414395665}}