{"ALS":{"NDCG":0.0545885345,"RBP":0.017554102,"RecipRank":0.0572871182},"Bias":{"NDCG":0.0511395586,"RBP":0.0114155483,"RecipRank":0.0466605982},"IALS":{"NDCG":0.2315281159,"RBP":0.0866813492,"RecipRank":0.2157427426},"IIE":{"NDCG":0.0388170115,"RBP":0.0044100267,"RecipRank":0.0272536327},"III":{"NDCG":0.1902966007,"RBP":0.1135692695,"RecipRank":0.2532459648},"Pop":{"NDCG":0.1287256609,"RBP":0.0566432241,"RecipRank":0.1497812637},"UUE":{"NDCG":0.0312881731,"RBP":0.0011079204,"RecipRank":0.0166146792}}