{"ALS":{"NDCG":0.077772696,"RBP":0.0244531249,"RecipRank":0.0778005305},"Bias":{"NDCG":0.0774568332,"RBP":0.0169416475,"RecipRank":0.0680160564},"IALS":{"NDCG":0.2942802187,"RBP":0.1133721052,"RecipRank":0.2600555693},"IIE":{"NDCG":0.0574876533,"RBP":0.0076314193,"RecipRank":0.0396899325},"III":{"NDCG":0.2915692348,"RBP":0.1859725346,"RecipRank":0.3669786584},"Pop":{"NDCG":0.1876842776,"RBP":0.081260855,"RecipRank":0.2073950905}}