{"ALS":{"NDCG":0.0382128639,"RBP":0.0176470844,"RecipRank":0.05019353},"Bias":{"NDCG":0.0432268107,"RBP":0.0292554108,"RecipRank":0.0688402035},"IALS":{"NDCG":0.2856319565,"RBP":0.1298645213,"RecipRank":0.2750613217},"IIE":{"NDCG":0.0082996361,"RBP":0.0002066462,"RecipRank":0.0042047411},"III":{"NDCG":0.2450481926,"RBP":0.1586821559,"RecipRank":0.3084486376},"Pop":{"NDCG":0.1526040519,"RBP":0.0756437193,"RecipRank":0.1766348351}}