{"ALS":{"NDCG":0.0775027258,"RBP":0.0243321001,"RecipRank":0.0783747899},"Bias":{"NDCG":0.0751391147,"RBP":0.0177755796,"RecipRank":0.0676007049},"IALS":{"NDCG":0.2923091868,"RBP":0.112256668,"RecipRank":0.2589655992},"IIE":{"NDCG":0.0559747355,"RBP":0.0077449099,"RecipRank":0.0384216484},"III":{"NDCG":0.2843821579,"RBP":0.1773529415,"RecipRank":0.3607652094},"Pop":{"NDCG":0.186630106,"RBP":0.0777145682,"RecipRank":0.2049223685},"UUE":{"NDCG":0.0370515076,"RBP":0.0003104314,"RecipRank":0.0140556249}}