{"ALS":{"NDCG":0.1435845718,"RBP":0.301856665,"RecipRank":0.5722640004},"Bias":{"NDCG":0.1442366706,"RBP":0.3020085348,"RecipRank":0.5699982105},"IALS":{"NDCG":0.0361276171,"RBP":0.0179002427,"RecipRank":0.0570713503},"IIE":{"NDCG":0.0033756111,"RBP":0.0013933965,"RecipRank":0.0080051368},"III":{"NDCG":0.0257752591,"RBP":0.0269021244,"RecipRank":0.0536462681},"Pop":{"NDCG":0.2175021051,"RBP":0.4808199024,"RecipRank":0.6370570124},"UUE":{"NDCG":0.0001876522,"RBP":0.0000042096,"RecipRank":0.0011285266}}