{"ALS":{"NDCG":0.0156391825,"RBP":0.002333179,"RecipRank":0.0124262808},"Bias":{"NDCG":0.0295282483,"RBP":0.0027836271,"RecipRank":0.0218735863},"IALS":{"NDCG":0.2586714158,"RBP":0.1218357374,"RecipRank":0.2651751639},"IIE":{"NDCG":0.001373499,"RBP":0.0000339769,"RecipRank":0.0005869814},"III":{"NDCG":0.2266664586,"RBP":0.1509270609,"RecipRank":0.3022472682},"Pop":{"NDCG":0.1291941368,"RBP":0.0645840157,"RecipRank":0.1590873145}}