{"ALS":{"NDCG":0.0199099336,"RBP":0.0033671011,"RecipRank":0.0170309539},"Bias":{"NDCG":0.0349391519,"RBP":0.0058066461,"RecipRank":0.0297635942},"IALS":{"NDCG":0.2606783023,"RBP":0.1206457467,"RecipRank":0.2632957191},"IIE":{"NDCG":0.0009858528,"RBP":0.0000085191,"RecipRank":0.000394035},"III":{"NDCG":0.2256858965,"RBP":0.1487806065,"RecipRank":0.2979287577},"Pop":{"NDCG":0.1311176495,"RBP":0.0643809166,"RecipRank":0.1587200465},"UUE":{"NDCG":0.0000006197,"RBP":0.0,"RecipRank":0.0000002783}}