{"ALS":{"NDCG":0.076303613,"RBP":0.0229693462,"RecipRank":0.0754902684},"Bias":{"NDCG":0.0774568332,"RBP":0.0169416475,"RecipRank":0.0680160564},"IALS":{"NDCG":0.2906321305,"RBP":0.11441133,"RecipRank":0.2570565688},"IIE":{"NDCG":0.0574876533,"RBP":0.0076314193,"RecipRank":0.0396899325},"III":{"NDCG":0.2915692348,"RBP":0.1859725346,"RecipRank":0.3669786584},"Pop":{"NDCG":0.1876842776,"RBP":0.081260855,"RecipRank":0.2073950905},"UUE":{"NDCG":0.0359360392,"RBP":0.0001279562,"RecipRank":0.0137887698}}