{"ALS":{"NDCG":0.1376133663,"RBP":0.2362686561,"RecipRank":0.5709236483},"Bias":{"NDCG":0.1416479162,"RBP":0.2447450094,"RecipRank":0.5955777831},"FlexBPR":{"NDCG":0.021036514,"RBP":0.0184297423,"RecipRank":0.0587374268},"FlexLMF":{"NDCG":0.0216388993,"RBP":0.0192686563,"RecipRank":0.058706582},"FlexMF":{"NDCG":0.0095368037,"RBP":0.0022955175,"RecipRank":0.0179364543},"FlexWARP":{"NDCG":0.02899522,"RBP":0.0292963827,"RecipRank":0.0699939531},"IALS":{"NDCG":0.0343816216,"RBP":0.0319123468,"RecipRank":0.0730723753},"IIE":{"NDCG":0.000570844,"RBP":0.0004402889,"RecipRank":0.001541054},"III":{"NDCG":0.0241120905,"RBP":0.032649591,"RecipRank":0.063872091},"Pop":{"NDCG":0.22106276,"RBP":0.3721821069,"RecipRank":0.6011851877},"UUE":{"NDCG":0.0001055963,"RBP":0.0001877426,"RecipRank":0.0008540438}}