{"als-explicit":{"NDCG":0.1635010462,"RBP":0.1760189173,"RecipRank":0.2399356742},"als-implicit":{"NDCG":0.0995383064,"RBP":0.0465782371,"RecipRank":0.1032729445},"bias":{"NDCG":0.1633692757,"RBP":0.1773911005,"RecipRank":0.2287651745},"flex-bpr":{"NDCG":0.0682228161,"RBP":0.0295062675,"RecipRank":0.06963792},"flex-explicit":{"NDCG":0.068379483,"RBP":0.0266153443,"RecipRank":0.0709366443},"flex-logistic":{"NDCG":0.0681772264,"RBP":0.0280964155,"RecipRank":0.0644930054},"flex-warp":{"NDCG":0.0685262448,"RBP":0.0303762843,"RecipRank":0.0703434272},"iknn-explicit":{"NDCG":0.0279148812,"RBP":0.0142240392,"RecipRank":0.0364185318},"iknn-implicit":{"NDCG":0.0512370943,"RBP":0.0454624842,"RecipRank":0.0775971716},"popular":{"NDCG":0.279686955,"RBP":0.3189509738,"RecipRank":0.4940822455},"uknn-explicit":{"NDCG":0.0283530649,"RBP":0.007341899,"RecipRank":0.0181912634},"uknn-implicit":{"NDCG":0.0664800038,"RBP":0.0465656795,"RecipRank":0.0965887461}}