{"ALS":{"NDCG":0.107348648,"RBP":0.1373263428,"RecipRank":0.2614364103},"Bias":{"NDCG":0.1060044605,"RBP":0.1254096278,"RecipRank":0.2456767684},"IALS":{"NDCG":0.111686288,"RBP":0.1098625065,"RecipRank":0.2096640112},"IIE":{"NDCG":0.0420647293,"RBP":0.0155124204,"RecipRank":0.0586340795},"III":{"NDCG":0.1139069624,"RBP":0.1904770145,"RecipRank":0.2738503206},"Pop":{"NDCG":0.2235194434,"RBP":0.3835538413,"RecipRank":0.5425638407},"UUE":{"NDCG":0.0347215458,"RBP":0.0037769797,"RecipRank":0.0315109746}}