{"ALS":{"NDCG":0.030008731,"RBP":0.0122547241,"RecipRank":0.0364087329},"Bias":{"NDCG":0.0504276634,"RBP":0.0335347797,"RecipRank":0.0792680242},"IALS":{"NDCG":0.2631042029,"RBP":0.1185546073,"RecipRank":0.2584334889},"IIE":{"NDCG":0.0018315853,"RBP":0.0000325672,"RecipRank":0.0007709631},"III":{"NDCG":0.2199605353,"RBP":0.1434077307,"RecipRank":0.2847557911},"Pop":{"NDCG":0.1353191465,"RBP":0.0656239217,"RecipRank":0.1602391996},"UUE":{"NDCG":0.0001315611,"RBP":0.0000018063,"RecipRank":0.0000478964}}