{"ALS":{"NDCG":0.0972119831,"RBP":0.1250894958,"RecipRank":0.2163796842},"Bias":{"NDCG":0.1005784713,"RBP":0.1298719013,"RecipRank":0.2267399412},"IALS":{"NDCG":0.0318764891,"RBP":0.0313326777,"RecipRank":0.0721054821},"IIE":{"NDCG":0.0004227126,"RBP":0.0004780934,"RecipRank":0.0012204404},"III":{"NDCG":0.0235210229,"RBP":0.0338737072,"RecipRank":0.0662139565},"Pop":{"NDCG":0.2205624536,"RBP":0.3696845211,"RecipRank":0.5796894669},"UUE":{"NDCG":0.0000207943,"RBP":0.000042941,"RecipRank":0.0001997604}}