{"ALS":{"NDCG":0.1352279896,"RBP":0.2142711473,"RecipRank":0.5176244603},"Bias":{"NDCG":0.1354503719,"RBP":0.2161759783,"RecipRank":0.5287726502},"IALS":{"NDCG":0.0306593028,"RBP":0.0277134709,"RecipRank":0.0634676311},"IIE":{"NDCG":0.0047146244,"RBP":0.0035254512,"RecipRank":0.0088340605},"III":{"NDCG":0.0224387572,"RBP":0.0350046763,"RecipRank":0.0614762081},"Pop":{"NDCG":0.1769986865,"RBP":0.3001167276,"RecipRank":0.5154097677},"UUE":{"NDCG":0.0024703198,"RBP":0.000885685,"RecipRank":0.0035284105}}