{"ALS":{"NDCG":0.029943795,"RBP":0.0123175781,"RecipRank":0.0364456616},"Bias":{"NDCG":0.0501859122,"RBP":0.0332222292,"RecipRank":0.0785999583},"IALS":{"NDCG":0.2631292039,"RBP":0.1178477022,"RecipRank":0.2576142612},"IIE":{"NDCG":0.0017990549,"RBP":0.0000165754,"RecipRank":0.0007468014},"III":{"NDCG":0.2197106863,"RBP":0.143266131,"RecipRank":0.284771226},"Pop":{"NDCG":0.1349406171,"RBP":0.0648667135,"RecipRank":0.1586887098},"UUE":{"NDCG":0.0001288285,"RBP":0.0000000003,"RecipRank":0.0000442823}}