{"als-explicit":{"NDCG":0.1080532454,"RBP":0.070876261,"RecipRank":0.1608210891},"als-implicit":{"NDCG":0.1659766977,"RBP":0.1119338889,"RecipRank":0.2640350482},"bias":{"NDCG":0.1078432523,"RBP":0.0745348819,"RecipRank":0.1428736085},"flex-bpr":{"NDCG":0.1983042743,"RBP":0.1430628007,"RecipRank":0.294879134},"flex-explicit":{"NDCG":0.0861190299,"RBP":0.051046014,"RecipRank":0.1421539531},"flex-logistic":{"NDCG":0.1942934853,"RBP":0.1265979852,"RecipRank":0.28313574},"flex-warp":{"NDCG":0.1942687156,"RBP":0.1363034964,"RecipRank":0.28599249},"iknn-explicit":{"NDCG":0.0770860481,"RBP":0.0392792275,"RecipRank":0.1005686062},"iknn-implicit":{"NDCG":0.1415619712,"RBP":0.1255431908,"RecipRank":0.2142820976},"lightgcn":{"NDCG":0.1994215802,"RBP":0.1399874179,"RecipRank":0.2879410974},"lightgcn-warp":{"NDCG":0.1945695958,"RBP":0.1383255418,"RecipRank":0.2843667503},"popular":{"NDCG":0.1945589752,"RBP":0.131380267,"RecipRank":0.2622579285},"slim":{"NDCG":0.1981844119,"RBP":0.139435283,"RecipRank":0.2875107053},"slim-fs":{"NDCG":0.1991548365,"RBP":0.1394679459,"RecipRank":0.2853615537},"uknn-explicit":{"NDCG":0.0782960784,"RBP":0.0202744182,"RecipRank":0.0502345899},"uknn-implicit":{"NDCG":0.1832795697,"RBP":0.12841448,"RecipRank":0.2651976688}}