{"ALS":{"NDCG":0.1217526184,"RBP":0.3652709244,"RecipRank":0.5271075914},"Bias":{"NDCG":0.1224680816,"RBP":0.3761592722,"RecipRank":0.5423841492},"IALS":{"NDCG":0.0429827111,"RBP":0.0322977435,"RecipRank":0.0814256061},"IIE":{"NDCG":0.008394281,"RBP":0.0054182237,"RecipRank":0.0171337203},"III":{"NDCG":0.0341761007,"RBP":0.0535927868,"RecipRank":0.0827165225},"Pop":{"NDCG":0.2076558319,"RBP":0.4520269889,"RecipRank":0.5774452559},"UUE":{"NDCG":0.0075882436,"RBP":0.0014216874,"RecipRank":0.0109900163}}