{"als-explicit":{"NDCG":0.0270321595,"RBP":0.0278185852,"RecipRank":0.0720589484},"als-implicit":{"NDCG":0.1173325874,"RBP":0.1448637462,"RecipRank":0.2788513535},"bias":{"NDCG":0.0435613255,"RBP":0.0511791269,"RecipRank":0.1226696132},"flex-bpr":{"NDCG":0.106518987,"RBP":0.1614403017,"RecipRank":0.3194242628},"flex-explicit":{"NDCG":0.0036271097,"RBP":0.0023275879,"RecipRank":0.0102543741},"flex-logistic":{"NDCG":0.1103489708,"RBP":0.1592670889,"RecipRank":0.3102708665},"flex-warp":{"NDCG":0.1032956142,"RBP":0.154371518,"RecipRank":0.3053531178},"iknn-explicit":{"NDCG":0.0031274597,"RBP":0.0023968969,"RecipRank":0.0066781439},"iknn-implicit":{"NDCG":0.1157078847,"RBP":0.169513911,"RecipRank":0.3304429081},"popular":{"NDCG":0.0881405964,"RBP":0.1381766335,"RecipRank":0.2905524881},"uknn-explicit":{"NDCG":0.0006235623,"RBP":0.0005650014,"RecipRank":0.0030162091},"uknn-implicit":{"NDCG":0.1374980842,"RBP":0.1998805391,"RecipRank":0.3612046594}}