{"ALS":{"NDCG":0.0299368422,"RBP":0.0122726634,"RecipRank":0.0363849432},"Bias":{"NDCG":0.0501859122,"RBP":0.0332222292,"RecipRank":0.0785999583},"IALS":{"NDCG":0.2633844235,"RBP":0.1183591009,"RecipRank":0.2579562704},"IIE":{"NDCG":0.0017990549,"RBP":0.0000165754,"RecipRank":0.0007468014},"III":{"NDCG":0.2197106863,"RBP":0.143266131,"RecipRank":0.284771226},"Pop":{"NDCG":0.1349406171,"RBP":0.0648667135,"RecipRank":0.1586887098},"UUE":{"NDCG":0.0001289179,"RBP":0.0000000003,"RecipRank":0.0000443131}}