{"ALS":{"NDCG":0.0200037625,"RBP":0.0034534487,"RecipRank":0.0171601599},"Bias":{"NDCG":0.0350694955,"RBP":0.0059634328,"RecipRank":0.0300031376},"IALS":{"NDCG":0.261206122,"RBP":0.1213516436,"RecipRank":0.2642680368},"IIE":{"NDCG":0.0010132568,"RBP":0.0000177387,"RecipRank":0.0004267859},"III":{"NDCG":0.2258910169,"RBP":0.1491028498,"RecipRank":0.2984394484},"Pop":{"NDCG":0.1312487458,"RBP":0.0646779699,"RecipRank":0.1589887895},"UUE":{"NDCG":0.0000003183,"RBP":6.994348363e-19,"RecipRank":0.0000001431}}