{"als-explicit":{"NDCG":0.0692845108,"RBP":0.10468991,"RecipRank":0.255637317},"als-implicit":{"NDCG":0.1073542443,"RBP":0.1399078509,"RecipRank":0.2545580126},"bias":{"NDCG":0.0705774474,"RBP":0.1153449438,"RecipRank":0.318549487},"flex-bpr":{"NDCG":0.1222603897,"RBP":0.2061020732,"RecipRank":0.3852524747},"flex-explicit":{"NDCG":0.0291147217,"RBP":0.0311970398,"RecipRank":0.088146378},"flex-logistic":{"NDCG":0.1231623567,"RBP":0.1987756486,"RecipRank":0.3657117891},"flex-warp":{"NDCG":0.1196394253,"RBP":0.1978350461,"RecipRank":0.3666604632},"iknn-explicit":{"NDCG":0.0385333251,"RBP":0.0299670896,"RecipRank":0.0685777821},"iknn-implicit":{"NDCG":0.1268245955,"RBP":0.2036404984,"RecipRank":0.3570719663},"popular":{"NDCG":0.1113842527,"RBP":0.1824898878,"RecipRank":0.3530111045},"uknn-explicit":{"NDCG":0.0189653324,"RBP":0.0131693506,"RecipRank":0.0328839038},"uknn-implicit":{"NDCG":0.141089218,"RBP":0.2275204506,"RecipRank":0.3874961508}}