{"ALS":{"NDCG":0.0972049641,"RBP":0.125097677,"RecipRank":0.2163572625},"Bias":{"NDCG":0.1005784713,"RBP":0.1298719013,"RecipRank":0.2267399412},"FlexBPR":{"NDCG":0.0184948825,"RBP":0.0154729912,"RecipRank":0.0446690182},"FlexLMF":{"NDCG":0.0209429451,"RBP":0.0218008753,"RecipRank":0.062459001},"FlexMF":{"NDCG":0.008626081,"RBP":0.0020286919,"RecipRank":0.0170033701},"FlexWARP":{"NDCG":0.0259419674,"RBP":0.026860937,"RecipRank":0.0658663636},"IALS":{"NDCG":0.0319587144,"RBP":0.0315422997,"RecipRank":0.0725793361},"IIE":{"NDCG":0.000422901,"RBP":0.0004788383,"RecipRank":0.0012226742},"III":{"NDCG":0.0235219427,"RBP":0.0338717363,"RecipRank":0.0661998123},"Pop":{"NDCG":0.2205624536,"RBP":0.3696845211,"RecipRank":0.5796894669},"UUE":{"NDCG":0.0000207943,"RBP":0.000042941,"RecipRank":0.0001997604}}