{"ALS":{"NDCG":0.0529122657,"RBP":0.0165768952,"RecipRank":0.0542265048},"Bias":{"NDCG":0.0497440216,"RBP":0.0107165588,"RecipRank":0.0442580955},"IALS":{"NDCG":0.2321992336,"RBP":0.0870971383,"RecipRank":0.217189928},"IIE":{"NDCG":0.0381228767,"RBP":0.004344654,"RecipRank":0.0265515909},"III":{"NDCG":0.1887281749,"RBP":0.1089984691,"RecipRank":0.2459970957},"Pop":{"NDCG":0.1305061834,"RBP":0.0603027494,"RecipRank":0.1551318047},"UUE":{"NDCG":0.0310491065,"RBP":0.0011341104,"RecipRank":0.0162026822}}