{"ALS":{"NDCG":0.0455317349,"RBP":0.0178758781,"RecipRank":0.0557051989},"Bias":{"NDCG":0.0568374006,"RBP":0.025322414,"RecipRank":0.0742219613},"IALS":{"NDCG":0.2173678236,"RBP":0.097195349,"RecipRank":0.2199536602},"IIE":{"NDCG":0.0026196262,"RBP":0.0004098494,"RecipRank":0.0016423989},"III":{"NDCG":0.2152933034,"RBP":0.1439134557,"RecipRank":0.2850366998},"Pop":{"NDCG":0.1421040317,"RBP":0.0785770838,"RecipRank":0.1795185236},"UUE":{"NDCG":0.0003261128,"RBP":0.0000064142,"RecipRank":0.0002863789}}