{"ALS":{"NDCG":0.0444774186,"RBP":0.0168366089,"RecipRank":0.0525532337},"Bias":{"NDCG":0.0568374006,"RBP":0.025322414,"RecipRank":0.0742219613},"IALS":{"NDCG":0.221068149,"RBP":0.1010036751,"RecipRank":0.2255904476},"IIE":{"NDCG":0.0026196262,"RBP":0.0004098494,"RecipRank":0.0016423989},"III":{"NDCG":0.2152933034,"RBP":0.1439134557,"RecipRank":0.2850366998},"Pop":{"NDCG":0.1421040317,"RBP":0.0785770838,"RecipRank":0.1795185236}}