{"ALS":{"NDCG":0.0481144147,"RBP":0.015625,"RecipRank":0.1666666667},"Bias":{"NDCG":0.0581426755,"RBP":0.0000042915,"RecipRank":0.0555555556},"IALS":{"NDCG":0.2357709231,"RBP":0.0112380991,"RecipRank":0.1428571429},"IIE":{"NDCG":0.0189750968,"RBP":5.048709793e-29,"RecipRank":0.0106382979},"III":{"NDCG":0.4641791347,"RBP":0.8364257815,"RecipRank":1.0},"Pop":{"NDCG":0.1436560215,"RBP":0.0078144111,"RecipRank":0.1428571429},"UUE":{"NDCG":0.0656113797,"RBP":0.0000000149,"RecipRank":0.0384615385}}