{"ALS":{"NDCG":0.1637995944,"RBP":0.1769754725,"RecipRank":0.2373526343},"Bias":{"NDCG":0.1633692757,"RBP":0.1773911005,"RecipRank":0.2287651745},"IALS":{"NDCG":0.0990409285,"RBP":0.045300165,"RecipRank":0.1155160666},"IIE":{"NDCG":0.028293435,"RBP":0.0144416943,"RecipRank":0.0367410959},"III":{"NDCG":0.0512443838,"RBP":0.0449982492,"RecipRank":0.0782884292},"Pop":{"NDCG":0.279686955,"RBP":0.3189509738,"RecipRank":0.4940822455},"UUE":{"NDCG":0.0221116443,"RBP":0.0025698677,"RecipRank":0.0101898252}}