{"ALS":{"NDCG":0.0199957056,"RBP":0.0034468667,"RecipRank":0.0171629302},"Bias":{"NDCG":0.0350694955,"RBP":0.0059634328,"RecipRank":0.0300031376},"IALS":{"NDCG":0.2610459587,"RBP":0.1211720755,"RecipRank":0.2640140603},"IIE":{"NDCG":0.0010132568,"RBP":0.0000177387,"RecipRank":0.0004267859},"III":{"NDCG":0.2258910169,"RBP":0.1491028498,"RecipRank":0.2984394484},"Pop":{"NDCG":0.1312487458,"RBP":0.0646779699,"RecipRank":0.1589887895}}