{"ALS":{"NDCG":0.0385976517,"RBP":0.017375927,"RecipRank":0.049908895},"Bias":{"NDCG":0.0435459537,"RBP":0.029158765,"RecipRank":0.0690208314},"IALS":{"NDCG":0.2855675357,"RBP":0.1300256366,"RecipRank":0.2747143477},"IIE":{"NDCG":0.0084022402,"RBP":0.0002157606,"RecipRank":0.0042630119},"III":{"NDCG":0.2461245908,"RBP":0.1590175678,"RecipRank":0.3091406125},"Pop":{"NDCG":0.1537920027,"RBP":0.0764489316,"RecipRank":0.1784687048},"UUE":{"NDCG":0.0100097044,"RBP":0.000040406,"RecipRank":0.0042549263}}