{"ALS":{"NDCG":0.135200711,"RBP":0.2142047281,"RecipRank":0.5173861412},"Bias":{"NDCG":0.1354503719,"RBP":0.2161759783,"RecipRank":0.5287726502},"FlexBPR":{"NDCG":0.0277661999,"RBP":0.0278295504,"RecipRank":0.0662654014},"FlexLMF":{"NDCG":0.0295262063,"RBP":0.030645769,"RecipRank":0.072704513},"FlexMF":{"NDCG":0.0163171519,"RBP":0.0070499799,"RecipRank":0.0312014398},"FlexWARP":{"NDCG":0.0328456734,"RBP":0.0369177516,"RecipRank":0.080263078},"IALS":{"NDCG":0.0307220311,"RBP":0.0277688686,"RecipRank":0.0634777617},"IIE":{"NDCG":0.004714588,"RBP":0.0035241828,"RecipRank":0.0088256268},"III":{"NDCG":0.0224366089,"RBP":0.0350021848,"RecipRank":0.0614677237},"Pop":{"NDCG":0.1769986865,"RBP":0.3001167276,"RecipRank":0.5154097677},"UUE":{"NDCG":0.0024703198,"RBP":0.000885685,"RecipRank":0.0035284105}}