{"ALS":{"RecipRank":0.0369753414,"NDCG":0.0300955165},"Bias":{"RecipRank":0.07934331,"NDCG":0.0503575769},"IALS":{"RecipRank":0.2583160494,"NDCG":0.2629408483},"IIE":{"RecipRank":0.0007228941,"NDCG":0.0016766102},"III":{"RecipRank":0.2915334469,"NDCG":0.2241865889},"Pop":{"RecipRank":0.159629734,"NDCG":0.1352195076},"UUE":{"RecipRank":0.0000406811,"NDCG":0.0001179229}}