{"als-explicit":{"NDCG":0.1098832406,"RBP":0.0709304528,"RecipRank":0.1534825059},"als-implicit":{"NDCG":0.166017939,"RBP":0.1052560542,"RecipRank":0.2505724846},"bias":{"NDCG":0.1078432523,"RBP":0.0745348819,"RecipRank":0.1428736085},"ease":{"NDCG":0.2172638719,"RBP":0.1527335511,"RecipRank":0.3053209546},"flex-bpr":{"NDCG":0.0787677207,"RBP":0.0597627278,"RecipRank":0.1238206566},"flex-explicit":{"NDCG":0.0820806359,"RBP":0.0495759992,"RecipRank":0.1410561415},"flex-logistic":{"NDCG":0.0780591577,"RBP":0.0530300608,"RecipRank":0.1193426066},"flex-warp":{"NDCG":0.0816936218,"RBP":0.0591145745,"RecipRank":0.1317321972},"iknn-explicit":{"NDCG":0.0770860481,"RBP":0.0392792275,"RecipRank":0.1005686062},"iknn-implicit":{"NDCG":0.1414895908,"RBP":0.1255431904,"RecipRank":0.2142820976},"popular":{"NDCG":0.1945589752,"RBP":0.131380267,"RecipRank":0.2622579285},"uknn-explicit":{"NDCG":0.0782960784,"RBP":0.0202744182,"RecipRank":0.0502345899},"uknn-implicit":{"NDCG":0.1835823957,"RBP":0.1285896286,"RecipRank":0.2667267208}}