{"ALS":{"NDCG":0.1352279896,"RBP":0.3225513009,"RecipRank":0.5176244603},"Bias":{"NDCG":0.1354503719,"RBP":0.3299402486,"RecipRank":0.5287726502},"IALS":{"NDCG":0.0306593028,"RBP":0.0264237353,"RecipRank":0.0634676311},"IIE":{"NDCG":0.0047146244,"RBP":0.0021422005,"RecipRank":0.0088340605},"III":{"NDCG":0.0224387572,"RBP":0.0399266648,"RecipRank":0.0614762081},"Pop":{"NDCG":0.1769986865,"RBP":0.3758257359,"RecipRank":0.5154097677},"UUE":{"NDCG":0.0024703198,"RBP":0.0000352961,"RecipRank":0.0035284105}}