{"ALS":{"NDCG":0.1637995944,"RBP":0.1124663472,"RecipRank":0.2373526343},"Bias":{"NDCG":0.1633692757,"RBP":0.1028174366,"RecipRank":0.2287651745},"IALS":{"NDCG":0.0990409285,"RBP":0.0495603253,"RecipRank":0.1155160666},"IIE":{"NDCG":0.028293435,"RBP":0.0140554202,"RecipRank":0.0367410959},"III":{"NDCG":0.0512443838,"RBP":0.0497736483,"RecipRank":0.0782884292},"Pop":{"NDCG":0.279686955,"RBP":0.353056343,"RecipRank":0.4940822455},"UUE":{"NDCG":0.0221116443,"RBP":0.0002671273,"RecipRank":0.0101898252}}