{"als-explicit":{"NDCG":0.0351878947,"RBP":0.0424892538,"RecipRank":0.1190079444},"als-implicit":{"NDCG":0.1247623903,"RBP":0.1458918276,"RecipRank":0.2781317759},"bias":{"NDCG":0.0544834154,"RBP":0.083732308,"RecipRank":0.23911414},"flex-bpr":{"NDCG":0.1117528392,"RBP":0.1587800005,"RecipRank":0.3147622112},"flex-explicit":{"NDCG":0.0059570519,"RBP":0.0036243819,"RecipRank":0.0146574247},"flex-logistic":{"NDCG":0.1221856261,"RBP":0.1642802471,"RecipRank":0.3195044382},"flex-warp":{"NDCG":0.1146246562,"RBP":0.1616316803,"RecipRank":0.3218088414},"iknn-explicit":{"NDCG":0.0050916046,"RBP":0.0031659772,"RecipRank":0.0109894848},"iknn-implicit":{"NDCG":0.1178539326,"RBP":0.1627670215,"RecipRank":0.3170901114},"popular":{"NDCG":0.0901400654,"RBP":0.1332379356,"RecipRank":0.2877666183},"uknn-explicit":{"NDCG":0.0014802672,"RBP":0.0012376186,"RecipRank":0.0059189457},"uknn-implicit":{"NDCG":0.1463166284,"RBP":0.198324405,"RecipRank":0.3586090646}}