{"ALS":{"NDCG":0.1216883047,"RBP":0.2234062561,"RecipRank":0.5271672716},"Bias":{"NDCG":0.1224680816,"RBP":0.2265276842,"RecipRank":0.5423841492},"FlexBPR":{"NDCG":0.0444201758,"RBP":0.0477181964,"RecipRank":0.1028049786},"FlexLMF":{"NDCG":0.0432400644,"RBP":0.0455716103,"RecipRank":0.0998267991},"FlexMF":{"NDCG":0.0217930362,"RBP":0.0085010871,"RecipRank":0.0360653659},"FlexWARP":{"NDCG":0.0504930484,"RBP":0.0570643011,"RecipRank":0.1183162878},"IALS":{"NDCG":0.0433287577,"RBP":0.0358499204,"RecipRank":0.0818899074},"IIE":{"NDCG":0.0083941151,"RBP":0.0074712763,"RecipRank":0.0171331425},"III":{"NDCG":0.0341759363,"RBP":0.0477783242,"RecipRank":0.0827019169},"Pop":{"NDCG":0.2076558319,"RBP":0.3839185886,"RecipRank":0.5774452559},"UUE":{"NDCG":0.0075882436,"RBP":0.0048281047,"RecipRank":0.0109900163}}