{"ALS":{"NDCG":0.0972119831,"RBP":0.0953383201,"RecipRank":0.2163796842},"Bias":{"NDCG":0.1005784713,"RBP":0.1004515862,"RecipRank":0.2267399412},"IALS":{"NDCG":0.0318354301,"RBP":0.0316962492,"RecipRank":0.0712397157},"IIE":{"NDCG":0.0004227126,"RBP":0.0004200816,"RecipRank":0.0012204404},"III":{"NDCG":0.0235210229,"RBP":0.0411542839,"RecipRank":0.0662139565},"Pop":{"NDCG":0.2205624536,"RBP":0.4401049568,"RecipRank":0.5796894669},"UUE":{"NDCG":0.0000207943,"RBP":0.0000428396,"RecipRank":0.0001997604}}