{"ALS":{"NDCG":0.1612291021,"RBP":0.1748310202,"RecipRank":0.2330708101},"Bias":{"NDCG":0.1633692757,"RBP":0.1773911005,"RecipRank":0.2287651745},"FlexBPR":{"NDCG":0.0686281444,"RBP":0.0267592284,"RecipRank":0.0770267896},"FlexLMF":{"NDCG":0.0661184918,"RBP":0.0258428608,"RecipRank":0.0659135352},"FlexMF":{"NDCG":0.0672222975,"RBP":0.0261847591,"RecipRank":0.064708547},"FlexWARP":{"NDCG":0.0660031829,"RBP":0.0258575381,"RecipRank":0.0665407499},"IALS":{"NDCG":0.0996022968,"RBP":0.0446522542,"RecipRank":0.1053875667},"IIE":{"NDCG":0.0282916768,"RBP":0.0144362463,"RecipRank":0.0367410959},"III":{"NDCG":0.0512443838,"RBP":0.0449982492,"RecipRank":0.0782884292},"Pop":{"NDCG":0.279686955,"RBP":0.3189509738,"RecipRank":0.4940822455},"UUE":{"NDCG":0.0221116443,"RBP":0.0025698677,"RecipRank":0.0101898252}}