{"ALS":{"NDCG":0.1429465479,"RBP":0.1947113261,"RecipRank":0.573980089},"Bias":{"NDCG":0.1442366706,"RBP":0.1943676743,"RecipRank":0.5699982105},"FlexBPR":{"NDCG":0.0145274439,"RBP":0.0115638543,"RecipRank":0.0397057204},"FlexLMF":{"NDCG":0.0140939271,"RBP":0.0097125596,"RecipRank":0.0352923232},"FlexMF":{"NDCG":0.0229822849,"RBP":0.0214443674,"RecipRank":0.0580701936},"FlexWARP":{"NDCG":0.0147735678,"RBP":0.0112775297,"RecipRank":0.0400429759},"IALS":{"NDCG":0.0418323906,"RBP":0.0343672351,"RecipRank":0.0825908447},"IIE":{"NDCG":0.0033746406,"RBP":0.0029424999,"RecipRank":0.0080051368},"III":{"NDCG":0.0257069727,"RBP":0.0254817054,"RecipRank":0.0578219146},"Pop":{"NDCG":0.2175021051,"RBP":0.3652213213,"RecipRank":0.6370570124},"UUE":{"NDCG":0.0001876522,"RBP":0.000280742,"RecipRank":0.0011285266}}