{"ALS":{"NDCG":0.0156487,"RBP":0.0023222511,"RecipRank":0.0124007755},"Bias":{"NDCG":0.0295282483,"RBP":0.0027836271,"RecipRank":0.0218735863},"IALS":{"NDCG":0.258429952,"RBP":0.1215338971,"RecipRank":0.2647495358},"IIE":{"NDCG":0.001373499,"RBP":0.0000339769,"RecipRank":0.0005869814},"III":{"NDCG":0.2266664586,"RBP":0.1509270609,"RecipRank":0.3022472682},"Pop":{"NDCG":0.1291941368,"RBP":0.0645840157,"RecipRank":0.1590873145},"UUE":{"NDCG":0.0000014989,"RBP":0.0000000002,"RecipRank":0.0000006918}}