{"ALS":{"NDCG":0.1217526184,"RBP":0.2234676142,"RecipRank":0.5271075914},"Bias":{"NDCG":0.1224680816,"RBP":0.2265276842,"RecipRank":0.5423841492},"FlexBPR":{"NDCG":0.0516104161,"RBP":0.0598671298,"RecipRank":0.1203817014},"FlexLMF":{"NDCG":0.0441799752,"RBP":0.0483669095,"RecipRank":0.1047220153},"FlexMF":{"NDCG":0.0228803147,"RBP":0.0096590954,"RecipRank":0.0387428626},"FlexWARP":{"NDCG":0.0519517493,"RBP":0.0609216761,"RecipRank":0.1230957541},"IALS":{"NDCG":0.0429827111,"RBP":0.035575172,"RecipRank":0.0814256061},"IIE":{"NDCG":0.0083941151,"RBP":0.0074712763,"RecipRank":0.0171331425},"III":{"NDCG":0.0341759363,"RBP":0.0477783242,"RecipRank":0.0827019169},"Pop":{"NDCG":0.2076558319,"RBP":0.3839185886,"RecipRank":0.5774452559},"UUE":{"NDCG":0.0075882436,"RBP":0.0048281047,"RecipRank":0.0109900163}}