{"ALS":{"NDCG":0.107297649,"RBP":0.1381038175,"RecipRank":0.2613756102},"Bias":{"NDCG":0.1060044605,"RBP":0.1373425214,"RecipRank":0.2456767684},"FlexBPR":{"NDCG":0.1420496137,"RBP":0.1805071721,"RecipRank":0.313575282},"FlexLMF":{"NDCG":0.1269277997,"RBP":0.1663169686,"RecipRank":0.2875636401},"FlexMF":{"NDCG":0.0451461502,"RBP":0.0391922822,"RecipRank":0.0984556839},"FlexWARP":{"NDCG":0.1204365083,"RBP":0.1442120524,"RecipRank":0.2663936666},"IALS":{"NDCG":0.1130050273,"RBP":0.1133807545,"RecipRank":0.2086321885},"IIE":{"NDCG":0.0420645579,"RBP":0.0296071448,"RecipRank":0.0586340795},"III":{"NDCG":0.1139066303,"RBP":0.1607900938,"RecipRank":0.2738498995},"Pop":{"NDCG":0.2235194434,"RBP":0.32840101,"RecipRank":0.5425638407},"UUE":{"NDCG":0.0347215458,"RBP":0.0138610668,"RecipRank":0.0315109746}}