{"als-explicit":{"NDCG":0.0580577347,"RBP":0.0820297738,"RecipRank":0.2087883375},"als-implicit":{"NDCG":0.1132182083,"RBP":0.1284279659,"RecipRank":0.2352552347},"bias":{"NDCG":0.0611207466,"RBP":0.094845182,"RecipRank":0.2721968323},"flex-bpr":{"NDCG":0.1423920909,"RBP":0.2166258794,"RecipRank":0.3977299935},"flex-explicit":{"NDCG":0.0281739054,"RBP":0.0248143583,"RecipRank":0.0662523626},"flex-logistic":{"NDCG":0.1414018724,"RBP":0.2139880874,"RecipRank":0.3936190821},"flex-warp":{"NDCG":0.1411904692,"RBP":0.2138774915,"RecipRank":0.3950339148},"iknn-explicit":{"NDCG":0.0446379459,"RBP":0.0449084486,"RecipRank":0.1007641896},"iknn-implicit":{"NDCG":0.1421728987,"RBP":0.2030655226,"RecipRank":0.3502276244},"lightgcn":{"NDCG":0.1617445981,"RBP":0.253062736,"RecipRank":0.44651191},"lightgcn-warp":{"NDCG":0.1630793344,"RBP":0.2540129215,"RecipRank":0.4449801631},"popular":{"NDCG":0.1187660209,"RBP":0.1827989122,"RecipRank":0.3468479992},"slim":{"NDCG":0.162568993,"RBP":0.2543459141,"RecipRank":0.4612556467},"slim-fs":{"NDCG":0.1589010922,"RBP":0.2473839088,"RecipRank":0.4531043587},"uknn-explicit":{"NDCG":0.0362452052,"RBP":0.0340621065,"RecipRank":0.0684247985},"uknn-implicit":{"NDCG":0.1538722345,"RBP":0.2275794176,"RecipRank":0.3950003216}}