{"ALS":{"NDCG":0.0382157667,"RBP":0.0176461457,"RecipRank":0.0502458513},"Bias":{"NDCG":0.0432268107,"RBP":0.0292554108,"RecipRank":0.0688402035},"IALS":{"NDCG":0.285566073,"RBP":0.1297362513,"RecipRank":0.274766175},"IIE":{"NDCG":0.0082996361,"RBP":0.0002066462,"RecipRank":0.0042047411},"III":{"NDCG":0.2450481926,"RBP":0.1586821559,"RecipRank":0.3084486376},"Pop":{"NDCG":0.1526040519,"RBP":0.0756437193,"RecipRank":0.1766348351},"UUE":{"NDCG":0.0099652051,"RBP":0.0000376633,"RecipRank":0.0042309584}}