{"als-explicit":{"NDCG":0.0595951871,"RBP":0.0560772514,"RecipRank":0.1345752855},"als-implicit":{"NDCG":0.1158063936,"RBP":0.1033156562,"RecipRank":0.2324328407},"bias":{"NDCG":0.0671598802,"RBP":0.050757137,"RecipRank":0.1634555738},"flex-bpr":{"NDCG":0.0234752543,"RBP":0.0241817394,"RecipRank":0.0828698862},"flex-explicit":{"NDCG":0.0521047267,"RBP":0.0551673853,"RecipRank":0.1088993687},"flex-logistic":{"NDCG":0.0244658124,"RBP":0.0209521568,"RecipRank":0.0672680086},"flex-warp":{"NDCG":0.0235446272,"RBP":0.0263682879,"RecipRank":0.0732058591},"iknn-explicit":{"NDCG":0.0147005658,"RBP":0.0122479135,"RecipRank":0.0347010103},"iknn-implicit":{"NDCG":0.1081323354,"RBP":0.106862008,"RecipRank":0.2202014978},"popular":{"NDCG":0.1081737937,"RBP":0.0981933977,"RecipRank":0.2257935951},"uknn-explicit":{"NDCG":0.0054184072,"RBP":0.0002115001,"RecipRank":0.0079227694},"uknn-implicit":{"NDCG":0.1544080272,"RBP":0.1449756886,"RecipRank":0.3240111148}}