{"als-explicit":{"NDCG":0.0580577347,"RBP":0.0820297738,"RecipRank":0.2087883375},"als-implicit":{"NDCG":0.1132182083,"RBP":0.1284279659,"RecipRank":0.2352552347},"bias":{"NDCG":0.0611207466,"RBP":0.094845182,"RecipRank":0.2721968323},"flex-bpr":{"NDCG":0.1423920909,"RBP":0.2166258794,"RecipRank":0.3977299935},"flex-explicit":{"NDCG":0.0281739054,"RBP":0.0248143583,"RecipRank":0.0662523626},"flex-logistic":{"NDCG":0.1414018724,"RBP":0.2139880874,"RecipRank":0.3936190821},"flex-warp":{"NDCG":0.1411904692,"RBP":0.2138774915,"RecipRank":0.3950339148},"iknn-explicit":{"NDCG":0.0446379459,"RBP":0.0449084486,"RecipRank":0.1007641896},"iknn-implicit":{"NDCG":0.1421728987,"RBP":0.2030655226,"RecipRank":0.3502276244},"popular":{"NDCG":0.1187660209,"RBP":0.1827989122,"RecipRank":0.3468479992},"uknn-explicit":{"NDCG":0.0362452052,"RBP":0.0340621065,"RecipRank":0.0684247985},"uknn-implicit":{"NDCG":0.1538722345,"RBP":0.2275794176,"RecipRank":0.3950003216}}