{"ALS":{"NDCG":0.0530458262,"RBP":0.0166824373,"RecipRank":0.0541736288},"Bias":{"NDCG":0.0497440216,"RBP":0.0107165588,"RecipRank":0.0442580955},"IALS":{"NDCG":0.2318011005,"RBP":0.0864387429,"RecipRank":0.2166090697},"IIE":{"NDCG":0.0381228767,"RBP":0.004344654,"RecipRank":0.0265515909},"III":{"NDCG":0.1887281749,"RBP":0.1089984691,"RecipRank":0.2459970957},"Pop":{"NDCG":0.1305061834,"RBP":0.0603027494,"RecipRank":0.1551318047}}