{"ALS":{"NDCG":0.1217526184,"RBP":0.2234676142,"RecipRank":0.5271075914},"Bias":{"NDCG":0.1224680816,"RBP":0.2265276842,"RecipRank":0.5423841492},"FlexBPR":{"NDCG":0.0452225287,"RBP":0.0496083623,"RecipRank":0.1054624732},"FlexLMF":{"NDCG":0.0441799752,"RBP":0.0483669095,"RecipRank":0.1047220153},"FlexMF":{"NDCG":0.0228803147,"RBP":0.0096590954,"RecipRank":0.0387428626},"IALS":{"NDCG":0.0429827111,"RBP":0.035575172,"RecipRank":0.0814256061},"IIE":{"NDCG":0.008394281,"RBP":0.0074721713,"RecipRank":0.0171337203},"III":{"NDCG":0.0341761007,"RBP":0.0477788748,"RecipRank":0.0827165225},"Pop":{"NDCG":0.2076558319,"RBP":0.3839185886,"RecipRank":0.5774452559},"UUE":{"NDCG":0.0075882436,"RBP":0.0048281047,"RecipRank":0.0109900163}}