{"als-explicit":{"NDCG":0.0579536304,"RBP":0.0821223303,"RecipRank":0.2097748932},"als-implicit":{"NDCG":0.1139149903,"RBP":0.129968728,"RecipRank":0.2409942842},"bias":{"NDCG":0.0611207506,"RBP":0.094845182,"RecipRank":0.2721968323},"flex-bpr":{"NDCG":0.1401413212,"RBP":0.2112631779,"RecipRank":0.3922808562},"flex-explicit":{"NDCG":0.0281449779,"RBP":0.0251838655,"RecipRank":0.0673466049},"flex-logistic":{"NDCG":0.1425121829,"RBP":0.2128952072,"RecipRank":0.3908177977},"flex-warp":{"NDCG":0.1417551524,"RBP":0.2151664829,"RecipRank":0.3930065889},"iknn-explicit":{"NDCG":0.0446379459,"RBP":0.0449084486,"RecipRank":0.1007641896},"iknn-implicit":{"NDCG":0.1421719931,"RBP":0.2030596406,"RecipRank":0.3502276244},"lightgcn":{"NDCG":0.1633835433,"RBP":0.2543503035,"RecipRank":0.4497677717},"lightgcn-warp":{"NDCG":0.1646576219,"RBP":0.256389576,"RecipRank":0.4565270301},"popular":{"NDCG":0.1187660209,"RBP":0.1827989122,"RecipRank":0.3468479992},"slim":{"NDCG":0.162568993,"RBP":0.2543459141,"RecipRank":0.4612556467},"slim-fs":{"NDCG":0.1589010922,"RBP":0.2473839088,"RecipRank":0.4531043587},"uknn-explicit":{"NDCG":0.0362452052,"RBP":0.0340621065,"RecipRank":0.0684247985},"uknn-implicit":{"NDCG":0.1536550893,"RBP":0.2269688082,"RecipRank":0.3914276139}}