{"ALS":{"NDCG":0.0765392626,"RBP":0.0219059923,"RecipRank":0.073048039},"Bias":{"NDCG":0.073430894,"RBP":0.0169093881,"RecipRank":0.0650257159},"IALS":{"NDCG":0.2905184728,"RBP":0.1061271198,"RecipRank":0.2515934826},"IIE":{"NDCG":0.0559514978,"RBP":0.0060182239,"RecipRank":0.0361924859},"III":{"NDCG":0.2872902067,"RBP":0.1732966581,"RecipRank":0.3493928912},"Pop":{"NDCG":0.189051818,"RBP":0.0800384899,"RecipRank":0.2068765175},"UUE":{"NDCG":0.0340699368,"RBP":0.0000370389,"RecipRank":0.0130103577}}