{"ALS":{"NDCG":0.0540598992,"RBP":0.0169619177,"RecipRank":0.055568361},"Bias":{"NDCG":0.0509855619,"RBP":0.0126142436,"RecipRank":0.0487640244},"IALS":{"NDCG":0.2301214759,"RBP":0.0846887232,"RecipRank":0.2127448534},"IIE":{"NDCG":0.038864982,"RBP":0.0031269069,"RecipRank":0.0251480785},"III":{"NDCG":0.1913022854,"RBP":0.111977048,"RecipRank":0.2501481111},"Pop":{"NDCG":0.1306548536,"RBP":0.058055023,"RecipRank":0.1523060961},"UUE":{"NDCG":0.0318566313,"RBP":0.0010051315,"RecipRank":0.0168358227}}