{"ALS":{"NDCG":0.1376301987,"RBP":0.2362279223,"RecipRank":0.5707878729},"Bias":{"NDCG":0.1416479162,"RBP":0.2447450094,"RecipRank":0.5955777831},"IALS":{"NDCG":0.0342774326,"RBP":0.0318775333,"RecipRank":0.0723599794},"IIE":{"NDCG":0.0005698795,"RBP":0.0004416784,"RecipRank":0.0015447315},"III":{"NDCG":0.0241124604,"RBP":0.0326458075,"RecipRank":0.0638544812},"Pop":{"NDCG":0.22106276,"RBP":0.3721821069,"RecipRank":0.6011851877},"UUE":{"NDCG":0.0001055963,"RBP":0.0001877426,"RecipRank":0.0008540438}}