{"ALS":{"NDCG":0.0454290596,"RBP":0.0176597724,"RecipRank":0.0514975987},"Bias":{"NDCG":0.0560131114,"RBP":0.0260664994,"RecipRank":0.0726408542},"IALS":{"NDCG":0.2191362941,"RBP":0.0969851902,"RecipRank":0.2140774262},"IIE":{"NDCG":0.0012001816,"RBP":0.0000002001,"RecipRank":0.000500486},"III":{"NDCG":0.2167043487,"RBP":0.142696708,"RecipRank":0.2826760942},"Pop":{"NDCG":0.1363421573,"RBP":0.0699556337,"RecipRank":0.1670077185},"UUE":{"NDCG":0.0003285547,"RBP":0.0,"RecipRank":0.0001438125}}