{"ALS":{"NDCG":0.1435845718,"RBP":0.1962834142,"RecipRank":0.5722640004},"Bias":{"NDCG":0.1442366706,"RBP":0.1943676743,"RecipRank":0.5699982105},"IALS":{"NDCG":0.0361276171,"RBP":0.0264443403,"RecipRank":0.0570713503},"IIE":{"NDCG":0.0033756111,"RBP":0.0029425083,"RecipRank":0.0080051368},"III":{"NDCG":0.0257752591,"RBP":0.0253215643,"RecipRank":0.0536462681},"Pop":{"NDCG":0.2175021051,"RBP":0.3652213213,"RecipRank":0.6370570124},"UUE":{"NDCG":0.0001876522,"RBP":0.000280742,"RecipRank":0.0011285266}}