{"ALS":{"NDCG":0.107348648,"RBP":0.1383452574,"RecipRank":0.2614364103},"Bias":{"NDCG":0.1060044605,"RBP":0.1373425214,"RecipRank":0.2456767684},"FlexBPR":{"NDCG":0.1127687124,"RBP":0.1312465315,"RecipRank":0.2355681674},"FlexLMF":{"NDCG":0.1313299208,"RBP":0.1696613333,"RecipRank":0.2951599668},"FlexMF":{"NDCG":0.0522236777,"RBP":0.0472162592,"RecipRank":0.1132075741},"IALS":{"NDCG":0.111686288,"RBP":0.1124597698,"RecipRank":0.2096640112},"IIE":{"NDCG":0.0420647293,"RBP":0.0296071885,"RecipRank":0.0586340795},"III":{"NDCG":0.1139069624,"RBP":0.1607902069,"RecipRank":0.2738503206},"Pop":{"NDCG":0.2235194434,"RBP":0.32840101,"RecipRank":0.5425638407},"UUE":{"NDCG":0.0347215458,"RBP":0.0138610668,"RecipRank":0.0315109746}}